name,email,phone,city,province,registration_date
Digdaya Hartati,salsabila99@perum.net,+62-0606-450-8563,Kupang,Nusa Tenggara Timur,2024-02-28
Putu Aryani,widodolantar@pd.com,+62-69-127-3747,Bogor,Jawa Barat,2024-06-13
"Laras Andriani, S.E.",uyainahella@hotmail.com,+62 (372) 755-8713,Pekanbaru,Riau,2024-05-09
Puspa Januar,uhariyah@perum.gov,0886137646,Manado,Sulawesi Utara,2024-12-29
"Gara Laksita, S.Kom",cagustina@gmail.com,+62 (32) 693-9867,Tangerang,Banten,2023-11-19
"Kezia Zulkarnain, M.Ak",suci84@gmail.com,(0904) 088 0502,Samarinda,Kalimantan Timur,2024-03-06
Jefri Budiman,alaksmiwati@ud.desa.id,(0442) 564-4225,Surabaya,Jawa Timur,2024-03-03
Dalima Nainggolan,lanangpuspita@perum.int,+62 (0091) 865 0744,Tangerang,Banten,2024-04-28
Najib Saputra,bsitompul@pt.org,+62 (012) 042-2197,Batam,Kepulauan Riau,2025-03-13
"H. Praba Thamrin, S.H.",qrahayu@yahoo.com,(0287) 773 9495,Yogyakarta,DI Yogyakarta,2024-11-05
Sabrina Pratiwi,tarihoranhimawan@cv.edu,+62-011-452-2890,Tangerang,Banten,2024-01-26
Malik Adriansyah,cakrabuanamaulana@yahoo.com,(0735) 427-2977,Denpasar,Bali,2024-05-26
Gantar Handayani,simbolondarsirah@perum.sch.id,+62-008-216-5084,Makassar,Sulawesi Selatan,2023-05-20
Eka Gunarto,hastutiprasetyo@perum.ac.id,+62 (46) 100 7209,Denpasar,Bali,2024-01-13
Umaya Prakasa,suartinicaraka@perum.int,082 946 9166,Bogor,Jawa Barat,2023-03-26
Cawisono Habibi,sihombingsabrina@perum.gov,+62 (096) 182 3682,Mataram,Nusa Tenggara Barat,2023-04-09
Abyasa Fujiati,mulyanielvina@yahoo.com,(046) 649 2034,Banjarmasin,Kalimantan Selatan,2025-01-29
Ayu Suwarno,isuryono@gmail.com,0803653962,Jakarta,DKI Jakarta,2024-12-02
Gandewa Kuswandari,maulananalar@pd.or.id,088 878 1643,Mataram,Nusa Tenggara Barat,2023-07-26
"dr. Kamila Januar, S.Sos",clailasari@hotmail.com,+62 (74) 810 3017,Samarinda,Kalimantan Timur,2023-11-17
Kezia Marbun,radika41@gmail.com,(0344) 999-4400,Makassar,Sulawesi Selatan,2023-10-28
Aslijan Wastuti,paulinhariyah@cv.my.id,+62 (80) 786-8263,Semarang,Jawa Tengah,2024-09-27
Lukman Usamah,msaptono@perum.mil,+62 (088) 961 7206,Denpasar,Bali,2024-11-20
Hilda Prabowo,mumpunianggraini@gmail.com,081 292 4626,Manado,Sulawesi Utara,2023-06-21
Mahfud Handayani,ahariyah@hotmail.com,+62-496-128-7649,Palembang,Sumatera Selatan,2023-07-22
"Rahmi Saptono, S.H.",karimahmanullang@yahoo.com,088 711 5834,Pekanbaru,Riau,2024-05-25
Padma Sihotang,galar80@hotmail.com,+62-0886-566-1970,Batam,Kepulauan Riau,2023-06-19
Sakti Hakim,gsimbolon@cv.mil.id,(0533) 924-7943,Denpasar,Bali,2023-05-16
Darmaji Yuliarti,jasminpudjiastuti@hotmail.com,+62-77-094-3227,Yogyakarta,DI Yogyakarta,2024-04-03
Rahmi Nababan,jailanimanah@gmail.com,(059) 660 1947,Yogyakarta,DI Yogyakarta,2024-12-08
Banawi Wasita,samosirjamal@ud.co.id,(088) 398 5444,Makassar,Sulawesi Selatan,2023-09-11
"R.M. Wardi Prasasta, S.Gz",halimardianto@pt.ac.id,+62-608-140-4306,Manado,Sulawesi Utara,2024-03-15
R.A. Kiandra Dabukke,knovitasari@hotmail.com,+62 (498) 174-6348,Bandung,Jawa Barat,2024-02-12
KH. Unggul Lailasari,cemaninapitupulu@pt.or.id,(0190) 593 3826,Malang,Jawa Timur,2023-11-27
Rahayu Siregar,qtamba@yahoo.com,+62 (843) 134-7557,Semarang,Jawa Tengah,2024-10-05
Dt. Ghani Mandala,lidyahastuti@gmail.com,+62 (63) 282-1364,Bogor,Jawa Barat,2024-12-17
"R. Utama Yolanda, S.E.I",genta97@pd.ponpes.id,+62-97-530-3458,Samarinda,Kalimantan Timur,2024-11-06
Hj. Queen Nababan,labuh56@ud.my.id,+62 (090) 092-8272,Mataram,Nusa Tenggara Barat,2024-10-05
Zalindra Wasita,lukitasiregar@gmail.com,+62 (083) 396 6569,Tangerang,Banten,2023-10-25
Hamima Hariyah,radit22@ud.int,+62-0048-682-2533,Makassar,Sulawesi Selatan,2023-04-12
Drs. Nova Natsir,dwi45@cv.ac.id,(0343) 024 9723,Bandung,Jawa Barat,2024-11-28
Cahyadi Mulyani,gasti73@yahoo.com,+62 (890) 156 8090,Medan,Sumatera Utara,2024-05-11
Hari Halim,upurnawati@cv.mil,(036) 255-0127,Medan,Sumatera Utara,2024-12-05
Tirta Sihotang,citra45@ud.mil.id,0820818785,Medan,Sumatera Utara,2024-11-28
Imam Suwarno,hidayatagnes@pd.edu,+62 (94) 958-3506,Malang,Jawa Timur,2024-06-07
Martana Tamba,wahyu31@perum.desa.id,(001) 340 0530,Malang,Jawa Timur,2024-03-18
"R.M. Warji Marbun, S.H.",jefrihidayat@gmail.com,(038) 841-9721,Semarang,Jawa Tengah,2023-10-28
Ir. Aurora Zulaika,prabowoteddy@cv.mil.id,(093) 561-0227,Jakarta,DKI Jakarta,2024-01-21
"Betania Wastuti, S.Psi",opheliatampubolon@gmail.com,+62 (251) 588-5811,Medan,Sumatera Utara,2024-08-30
Daliman Fujiati,bmaheswara@pd.or.id,(0414) 016-4446,Jayapura,Papua,2023-12-23
Zelaya Setiawan,usamahpia@yahoo.com,+62-42-532-7864,Jayapura,Papua,2024-03-07
"Dirja Manullang, M.Ak",ajimat98@hotmail.com,+62-0797-541-4291,Jayapura,Papua,2024-09-24
Marsito Rahmawati,adinatawacana@pt.web.id,+62 (0429) 328-7451,Makassar,Sulawesi Selatan,2024-03-27
Kasim Haryanto,nadiakuswoyo@yahoo.com,+62-091-091-7888,Manado,Sulawesi Utara,2024-04-14
Rika Wahyuni,langgeng26@yahoo.com,(039) 805-4189,Manado,Sulawesi Utara,2023-09-19
"Wadi Laksita, M.TI.",artawan54@gmail.com,+62 (031) 375-3053,Balikpapan,Kalimantan Timur,2023-09-27
Amalia Mayasari,hnajmudin@gmail.com,+62-425-090-5265,Makassar,Sulawesi Selatan,2024-08-04
Ellis Saragih,enarpati@yahoo.com,+62 (0855) 651-2246,Bandung,Jawa Barat,2024-08-28
Maryadi Habibi,dalimannababan@cv.sch.id,+62 (80) 089-5542,Samarinda,Kalimantan Timur,2024-08-25
"drg. Wani Samosir, M.M.",maimunah27@pt.org,+62-43-780-3830,Pontianak,Kalimantan Barat,2024-07-11
Narji Wahyudin,arsipatra53@yahoo.com,+62 (42) 544 1946,Banjarmasin,Kalimantan Selatan,2023-06-18
Jarwi Novitasari,vmardhiyah@pt.net.id,(0962) 706 2150,Banda Aceh,Aceh,2023-12-07
Ciaobella Wibowo,gandahabibi@cv.go.id,+62 (90) 791-8494,Pekanbaru,Riau,2023-12-13
"Ibrani Nashiruddin, S.Sos",widiastutijelita@ud.co.id,(098) 243 2564,Surabaya,Jawa Timur,2024-06-26
Danu Hutagalung,wpuspita@hotmail.com,+62-0787-376-1608,Padang,Sumatera Barat,2024-02-17
Catur Andriani,kastuti@gmail.com,+62 (0804) 480-1838,Malang,Jawa Timur,2023-12-04
"Ade Prabowo, S.Pt",permadigaliono@gmail.com,+62-0802-476-2097,Malang,Jawa Timur,2025-03-08
Ulya Irawan,prasetyasalahudin@yahoo.com,+62-0559-779-9776,Manado,Sulawesi Utara,2023-11-03
Baktiono Astuti,darmana36@yahoo.com,(022) 134-3308,Banjarmasin,Kalimantan Selatan,2023-10-05
Eluh Sudiati,pudjiastutijarwa@perum.org,+62 (0699) 882-1731,Mataram,Nusa Tenggara Barat,2023-04-02
Yessi Sitorus,gatra09@gmail.com,+62 (0971) 999-9517,Semarang,Jawa Tengah,2023-04-15
Adiarja Anggriawan,maheswaralaksana@hotmail.com,+62-796-127-8320,Bandung,Jawa Barat,2024-01-17
dr. Daliman Setiawan,simonpradana@perum.sch.id,+62-076-163-3292,Pekanbaru,Riau,2023-06-15
"Bahuwarna Maheswara, S.H.",nharyanti@cv.go.id,(0301) 529-6638,Makassar,Sulawesi Selatan,2025-01-23
Drs. Cornelia Mahendra,yaniyuliarti@gmail.com,+62-29-670-6542,Banjarmasin,Kalimantan Selatan,2024-09-15
Heru Lailasari,nardi41@cv.gov,(023) 849 7580,Bandung,Jawa Barat,2023-08-15
Cut Ulva Agustina,cahyadi59@yahoo.com,+62 (0171) 188-8259,Makassar,Sulawesi Selatan,2023-06-12
R. Siti Pertiwi,oandriani@ud.id,+62 (021) 627-1773,Batam,Kepulauan Riau,2024-09-23
Rafid Situmorang,balangga46@yahoo.com,(091) 720 4836,Bandung,Jawa Barat,2024-10-24
"Cut Nova Hutagalung, S.Pd",digdayarahmawati@cv.or.id,0872237183,Banda Aceh,Aceh,2024-06-14
Darman Tampubolon,budiyantokayla@gmail.com,(016) 188-9001,Tangerang,Banten,2023-03-20
R. Jumadi Sitorus,woktaviani@ud.org,+62 (0740) 268-2365,Denpasar,Bali,2023-08-05
Rahayu Sihombing,ejahutagalung@hotmail.com,+62 (0500) 037-6900,Bogor,Jawa Barat,2023-12-04
Irnanto Irawan,ofirmansyah@perum.int,+62-85-096-7044,Bogor,Jawa Barat,2024-09-19
"T. Darimin Utami, S.Ked",marwatamaryati@gmail.com,+62 (063) 479 7593,Palembang,Sumatera Selatan,2024-06-03
"Tgk. Widya Wacana, M.Ak",kuswoyowidya@cv.go.id,(095) 196-6725,Yogyakarta,DI Yogyakarta,2024-02-13
Paulin Lazuardi,jaga59@yahoo.com,(0243) 101 4425,Batam,Kepulauan Riau,2024-01-10
Hafshah Winarno,vsinaga@gmail.com,(0788) 600 0596,Balikpapan,Kalimantan Timur,2025-02-22
Wasis Santoso,esuryatmi@perum.ponpes.id,+62 (078) 740-4077,Semarang,Jawa Tengah,2023-12-25
Jumadi Samosir,unashiruddin@pd.go.id,(0594) 678-0705,Denpasar,Bali,2023-06-26
"Caturangga Nashiruddin, S.Farm",hmardhiyah@gmail.com,(0361) 572-5107,Mataram,Nusa Tenggara Barat,2023-10-22
Keisha Haryanti,mariadiharyanto@pt.mil.id,+62-88-121-1788,Padang,Sumatera Barat,2024-12-23
Asmuni Utami,salahudingada@gmail.com,+62 (013) 309 9672,Samarinda,Kalimantan Timur,2024-01-01
"R. Uchita Kuswandari, S.Ked",simanjuntakgangsar@hotmail.com,(017) 275 5431,Banda Aceh,Aceh,2024-02-08
"Gadang Anggriawan, M.TI.",aprasetya@gmail.com,(082) 138 2881,Jakarta,DKI Jakarta,2023-11-04
Ajimat Rajata,uhidayanto@pd.net.id,+62-825-741-1898,Bandung,Jawa Barat,2023-04-27
Balamantri Prastuti,dariati57@yahoo.com,+62 (0429) 039 2929,Pontianak,Kalimantan Barat,2024-05-17
"Lili Simanjuntak, S.Sos",lintang42@perum.or.id,+62 (058) 680-7885,Jakarta,DKI Jakarta,2023-06-16
Raisa Maryadi,viktor12@yahoo.com,+62-008-871-9796,Batam,Kepulauan Riau,2024-02-19
Raden Maryadi,piasudiati@ud.desa.id,0853516198,Makassar,Sulawesi Selatan,2023-04-23
Kezia Pratama,salsabilalatupono@hotmail.com,+62 (0622) 379 0194,Jakarta,DKI Jakarta,2023-10-28
Bakijan Samosir,elisa66@cv.gov,(004) 943-3478,Jakarta,DKI Jakarta,2023-08-24
Cahyono Marpaung,emong98@ud.mil,+62 (649) 903-4956,Balikpapan,Kalimantan Timur,2024-03-22
"KH. Imam Kuswoyo, S.H.",laksitacagak@gmail.com,+62 (032) 876 3282,Jakarta,DKI Jakarta,2023-03-31
"Cut Nadia Lazuardi, S.T.",lembah33@hotmail.com,+62-95-248-2290,Tangerang,Banten,2024-12-24
Mila Susanti,evauwais@perum.int,+62 (817) 962-4594,Samarinda,Kalimantan Timur,2024-04-28
Sadina Mandasari,pradiptaaslijan@gmail.com,0806703151,Padang,Sumatera Barat,2024-07-23
"Yance Nuraini, S.T.",harjayaprakasa@perum.biz.id,+62 (0229) 509 3105,Balikpapan,Kalimantan Timur,2025-02-04
H. Purwanto Sihombing,cemplunkbudiman@yahoo.com,+62 (087) 511-4291,Pekanbaru,Riau,2024-05-11
R. Kiandra Lestari,fnapitupulu@hotmail.com,(046) 910-0695,Manado,Sulawesi Utara,2023-07-19
"Slamet Dabukke, S.T.",mayasaritalia@pd.int,+62-52-357-4836,Palembang,Sumatera Selatan,2024-09-16
Puti Puput Zulkarnain,jayadi95@perum.web.id,0895194689,Kupang,Nusa Tenggara Timur,2023-08-30
Fitria Setiawan,kusamah@ud.mil.id,0849312725,Palembang,Sumatera Selatan,2023-07-20
"Raharja Marbun, S.Psi",prayogo56@pt.org,(039) 397 2106,Tangerang,Banten,2024-01-02
"drg. Ella Nainggolan, S.Kom",langgengprakasa@yahoo.com,+62 (005) 864 5583,Batam,Kepulauan Riau,2023-06-28
Prayoga Wulandari,bnovitasari@pd.co.id,+62-098-026-0149,Mataram,Nusa Tenggara Barat,2025-02-20
Kasim Purwanti,nmayasari@gmail.com,(0839) 977 1959,Jayapura,Papua,2025-01-02
Ani Sitorus,iutami@yahoo.com,(0811) 762-8643,Balikpapan,Kalimantan Timur,2025-01-18
Septi Hardiansyah,artamegantara@pd.com,+62 (0525) 816 6590,Yogyakarta,DI Yogyakarta,2024-04-18
Dt. Cahya Jailani,lili42@cv.or.id,+62 (922) 523-3615,Semarang,Jawa Tengah,2024-06-26
Ciaobella Pradana,salsabila08@yahoo.com,+62 (0208) 712 4860,Pontianak,Kalimantan Barat,2023-04-08
Ir. Hani Manullang,pkusumo@ud.com,081 718 9553,Makassar,Sulawesi Selatan,2023-12-27
"R. Diah Prasetya, M.TI.",warsitamansur@yahoo.com,+62-0954-501-4709,Medan,Sumatera Utara,2024-06-05
Raditya Hutasoit,gentamaryati@gmail.com,+62 (048) 885 7657,Samarinda,Kalimantan Timur,2025-02-16
"Winda Prastuti, S.T.",zulkarnainwira@gmail.com,+62 (0058) 260-4397,Balikpapan,Kalimantan Timur,2023-08-12
"Amalia Gunarto, M.Ak",kenari97@hotmail.com,+62-34-616-1227,Manado,Sulawesi Utara,2023-07-04
H. Prabowo Kurniawan,emas63@gmail.com,+62 (0065) 922 5361,Jakarta,DKI Jakarta,2024-02-12
KH. Viman Budiman,damar54@cv.id,+62-02-504-5128,Manado,Sulawesi Utara,2025-01-08
Cecep Habibi,dnapitupulu@hotmail.com,+62 (0341) 581 3016,Surabaya,Jawa Timur,2024-03-28
Silvia Mahendra,kemba47@yahoo.com,+62-005-889-9830,Semarang,Jawa Tengah,2023-11-02
Mila Wijaya,ypratiwi@perum.co.id,0849877683,Makassar,Sulawesi Selatan,2024-07-02
Michelle Pangestu,maimunahgunawan@cv.net,+62 (243) 982-8187,Denpasar,Bali,2023-05-03
Teguh Saputra,hidayathamima@pt.ac.id,0860494498,Padang,Sumatera Barat,2025-02-01
Prabu Simbolon,cornelia17@cv.org,085 273 7931,Denpasar,Bali,2023-09-23
Winda Prayoga,thamringatra@hotmail.com,(000) 478 6591,Pontianak,Kalimantan Barat,2024-02-13
Najam Latupono,drajatsuryatmi@cv.biz.id,+62 (39) 070-5191,Manado,Sulawesi Utara,2023-08-13
Zulaikha Oktaviani,baktiadizulaika@yahoo.com,(008) 846 6115,Padang,Sumatera Barat,2024-06-25
Karna Widodo,nugraha88@hotmail.com,+62 (009) 519-0702,Pontianak,Kalimantan Barat,2024-04-07
Elvina Yulianti,virman01@perum.co.id,(0783) 692 5459,Jayapura,Papua,2024-02-12
"H. Gandi Jailani, M.M.",wakimansuryono@yahoo.com,+62-775-873-9732,Pekanbaru,Riau,2024-07-17
Emong Pratama,xpadmasari@yahoo.com,+62-292-206-3724,Manado,Sulawesi Utara,2023-11-15
Yunita Gunawan,xthamrin@pd.edu,086 253 9018,Malang,Jawa Timur,2024-08-18
Pia Putra,saputraratna@perum.my.id,+62-016-916-6403,Makassar,Sulawesi Selatan,2023-09-30
Saka Pratiwi,adityausamah@yahoo.com,0866544431,Bandung,Jawa Barat,2024-11-03
Dt. Aris Hastuti,dpuspita@gmail.com,(0894) 245 4632,Banjarmasin,Kalimantan Selatan,2025-02-15
"Paiman Gunawan, M.TI.",ramahardiansyah@perum.co.id,+62-0819-978-7468,Kupang,Nusa Tenggara Timur,2023-06-01
Ana Kusumo,usmanhutasoit@pt.biz.id,+62-0514-363-1229,Banda Aceh,Aceh,2023-03-25
"Keisha Rajasa, M.TI.",harsana36@hotmail.com,+62-42-694-8314,Medan,Sumatera Utara,2024-01-17
"Hj. Yulia Mandala, S.Pt",phasanah@perum.net.id,+62 (045) 566 6016,Jayapura,Papua,2024-05-04
Amelia Wibisono,wasitahumaira@perum.web.id,+62-0112-875-3922,Tangerang,Banten,2024-12-20
Ganda Saefullah,kuncara75@ud.my.id,+62 (668) 534-4595,Kupang,Nusa Tenggara Timur,2024-09-28
"T. Darimin Kusumo, M.TI.",olgasihotang@cv.sch.id,+62-0940-432-8523,Pontianak,Kalimantan Barat,2024-12-07
Hj. Amalia Simanjuntak,zulaikapranata@pd.desa.id,0850634010,Banjarmasin,Kalimantan Selatan,2025-01-12
"Leo Firgantoro, M.TI.",viktor74@hotmail.com,+62 (76) 643-4503,Tangerang,Banten,2023-12-30
Kezia Kusumo,nsimanjuntak@pd.edu,0823523077,Banjarmasin,Kalimantan Selatan,2023-12-18
Ajiman Namaga,faizah50@hotmail.com,(016) 252-1327,Bandung,Jawa Barat,2024-06-18
Shakila Marbun,uyulianti@hotmail.com,+62-0760-516-7980,Palembang,Sumatera Selatan,2024-03-13
Raina Narpati,irwankurniawan@yahoo.com,(0218) 811-0665,Balikpapan,Kalimantan Timur,2024-07-27
drg. Fitria Rajata,kairavuwais@hotmail.com,+62 (056) 175-4615,Semarang,Jawa Tengah,2023-09-08
Eva Nasyiah,ajimansuartini@yahoo.com,+62 (0593) 057-2960,Kupang,Nusa Tenggara Timur,2023-08-15
"R. Kanda Mahendra, S.Psi",sabarsimbolon@hotmail.com,(0294) 981-6527,Tangerang,Banten,2024-12-17
"Kiandra Kusmawati, S.Psi",shaniaprasetyo@hotmail.com,(0028) 098-4465,Kupang,Nusa Tenggara Timur,2024-05-11
Elvina Prasetyo,baktiantowibisono@cv.mil.id,+62 (080) 786 3178,Jayapura,Papua,2024-01-02
Harsanto Siregar,adriansyahrendy@pt.desa.id,+62 (062) 539 7360,Yogyakarta,DI Yogyakarta,2023-06-15
"Tgk. Enteng Mardhiyah, S.T.",laksmiwatilanang@perum.org,(021) 288 4967,Batam,Kepulauan Riau,2023-05-26
Ophelia Simanjuntak,prabowo92@pt.web.id,+62-882-608-6130,Manado,Sulawesi Utara,2023-08-21
Yance Mayasari,xwidiastuti@yahoo.com,+62-028-399-3038,Pekanbaru,Riau,2023-05-30
Sabar Manullang,tuwais@perum.net,080 045 5201,Palembang,Sumatera Selatan,2024-11-24
Sarah Anggraini,permatakalim@perum.go.id,+62 (064) 595 4559,Pekanbaru,Riau,2024-08-25
Puti Zahra Mangunsong,febi54@pt.my.id,+62-55-948-6630,Surabaya,Jawa Timur,2025-03-11
Ana Hutapea,yance75@gmail.com,+62-0185-528-7807,Pontianak,Kalimantan Barat,2023-07-13
"Hj. Ajeng Adriansyah, S.Pd",janetnarpati@cv.or.id,(053) 502-8796,Batam,Kepulauan Riau,2023-11-04
Kalim Nashiruddin,empluk76@ud.go.id,+62 (0190) 211 8118,Padang,Sumatera Barat,2023-05-08
Malik Haryanto,maya08@yahoo.com,0855672132,Surabaya,Jawa Timur,2024-01-12
Baktiadi Nababan,kamila87@gmail.com,+62 (77) 148-7826,Malang,Jawa Timur,2024-11-23
Ellis Hakim,yahyasihombing@cv.gov,+62-35-962-2366,Pekanbaru,Riau,2024-07-05
Setya Sudiati,perkasa34@cv.ac.id,+62-056-775-9183,Malang,Jawa Timur,2024-04-26
"KH. Asmianto Yulianti, S.Pd",daruna44@gmail.com,+62 (091) 335-0136,Kupang,Nusa Tenggara Timur,2024-08-13
H. Opung Nasyidah,fsudiati@yahoo.com,(084) 608-5897,Mataram,Nusa Tenggara Barat,2023-07-05
Cemplunk Prakasa,mustofasaefullah@perum.net,(033) 834-3487,Jayapura,Papua,2023-11-12
Panji Pratama,paulinmaheswara@yahoo.com,(0886) 125-5277,Manado,Sulawesi Utara,2024-05-04
Puput Saragih,zpermata@perum.mil.id,085 743 7265,Banda Aceh,Aceh,2023-11-23
Ir. Cahyadi Najmudin,uharyanti@pd.go.id,+62-482-384-7279,Malang,Jawa Timur,2023-10-20
Rina Oktaviani,hastaprabowo@yahoo.com,+62 (55) 695-2033,Batam,Kepulauan Riau,2025-02-10
Eja Farida,hassanahhimawan@yahoo.com,+62 (38) 036 2849,Yogyakarta,DI Yogyakarta,2024-11-04
"Chandra Rahmawati, M.Farm",mahendrabakiadi@ud.go.id,+62-051-563-1261,Malang,Jawa Timur,2023-11-05
KH. Dariati Mardhiyah,eagustina@hotmail.com,(071) 633 7019,Medan,Sumatera Utara,2023-07-07
drg. Dagel Oktaviani,rsaragih@pd.net,+62 (0559) 933 7249,Bandung,Jawa Barat,2023-06-14
H. Adikara Utama,gpradipta@ud.mil,+62 (039) 039 0599,Yogyakarta,DI Yogyakarta,2024-09-29
Wani Tamba,suci56@hotmail.com,+62 (053) 593-3851,Padang,Sumatera Barat,2024-05-02
Almira Laksmiwati,wibowodimaz@cv.net,+62 (0050) 644-4605,Medan,Sumatera Utara,2024-07-05
Tgk. Fitria Puspasari,ksimbolon@yahoo.com,+62 (68) 439-5879,Jayapura,Papua,2023-09-25
"Adika Padmasari, S.Gz",hasanahganda@yahoo.com,(0028) 275 2329,Padang,Sumatera Barat,2025-01-07
Kiandra Zulaika,dadi57@perum.gov,(0445) 769-1178,Balikpapan,Kalimantan Timur,2023-11-21
Candra Sinaga,ramadankasim@pt.net.id,+62-0874-619-7766,Padang,Sumatera Barat,2023-04-18
"Puti Rachel Pangestu, S.Pd",bakdamarbun@perum.my.id,+62 (992) 985 3959,Pekanbaru,Riau,2024-10-15
"Dr. Widya Siregar, M.M.",wasitaikhsan@gmail.com,+62 (018) 341 5190,Pekanbaru,Riau,2025-03-13
Kartika Pranowo,syahrini19@gmail.com,0874716438,Jayapura,Papua,2024-08-06
"Tgk. Vanesa Sihombing, S.E.",npurwanti@cv.com,081 106 9630,Manado,Sulawesi Utara,2024-12-19
"Estiono Latupono, S.Psi",elon44@yahoo.com,(0797) 071-2900,Bogor,Jawa Barat,2023-09-03
"R.A. Kezia Habibi, M.M.",siti70@pd.ponpes.id,0890935013,Bandung,Jawa Barat,2024-09-12
Zalindra Hassanah,genta26@pt.mil,+62 (48) 757 2974,Balikpapan,Kalimantan Timur,2024-03-28
"Hj. Gilda Kuswoyo, S.Sos",alambana49@perum.co.id,(065) 673 3546,Padang,Sumatera Barat,2024-09-19
Prayitna Hidayat,okta16@yahoo.com,089 854 2619,Semarang,Jawa Tengah,2023-03-28
Gawati Hidayat,jwulandari@perum.go.id,+62 (02) 776 2390,Pekanbaru,Riau,2023-12-10
Winda Hutasoit,saragihjayeng@cv.mil,(0789) 374 6294,Tangerang,Banten,2023-09-29
Maida Winarno,prakosapradipta@pt.ac.id,+62-95-969-5071,Denpasar,Bali,2023-10-10
"R. Raihan Winarno, S.Kom",yuniarsepti@pd.edu,0871180753,Bandung,Jawa Barat,2024-04-10
"H. Bahuwirya Narpati, S.IP",muni09@hotmail.com,(061) 121 0985,Yogyakarta,DI Yogyakarta,2023-08-18
Cahyo Winarsih,opalastri@hotmail.com,+62 (0650) 483 1141,Padang,Sumatera Barat,2024-02-03
"H. Heryanto Irawan, M.Farm",laswi38@pt.go.id,+62 (98) 832-4198,Jakarta,DKI Jakarta,2023-05-13
"H. Harjo Narpati, S.I.Kom",lega44@hotmail.com,0873304613,Jayapura,Papua,2023-03-17
Gaduh Mustofa,ssuartini@yahoo.com,(0307) 572-9515,Manado,Sulawesi Utara,2025-01-31
Daliman Thamrin,ymahendra@ud.ac.id,+62 (032) 032-4931,Batam,Kepulauan Riau,2025-01-17
"Carub Wahyuni, S.Sos",spranowo@cv.biz.id,+62 (098) 033-1151,Kupang,Nusa Tenggara Timur,2023-07-11
Harsaya Astuti,lintangnamaga@pd.mil,086 626 6683,Kupang,Nusa Tenggara Timur,2023-06-26
Dt. Hardi Tamba,daliman50@ud.co.id,+62 (026) 657-9215,Mataram,Nusa Tenggara Barat,2023-10-07
Luwes Anggraini,manullangdamu@gmail.com,+62 (204) 026-6435,Palembang,Sumatera Selatan,2023-07-06
H. Slamet Pratiwi,parmanhalim@ud.mil.id,+62-137-951-5363,Tangerang,Banten,2024-12-05
"Puti Maimunah Wibisono, S.Farm",kwastuti@ud.id,+62-370-241-0322,Semarang,Jawa Tengah,2024-04-18
Teguh Halimah,lwasita@pd.ponpes.id,+62 (40) 217-5871,Pontianak,Kalimantan Barat,2024-06-28
"R. Usyi Hariyah, S.IP",dwihariyah@gmail.com,082 948 4228,Pontianak,Kalimantan Barat,2023-06-30
"drg. Karman Nasyidah, S.Psi",rajatawadi@hotmail.com,+62 (0493) 369-0437,Surabaya,Jawa Timur,2023-07-22
Yusuf Damanik,eminpranowo@pt.mil.id,+62 (034) 551 0241,Makassar,Sulawesi Selatan,2024-11-11
Samiah Najmudin,mpratiwi@cv.or.id,+62 (23) 170 6666,Pekanbaru,Riau,2023-12-28
Ir. Embuh Halim,yahyamahendra@gmail.com,(057) 756 7799,Bogor,Jawa Barat,2024-06-14
Banawi Siregar,irawanumar@pd.net.id,+62 (65) 523 9568,Jakarta,DKI Jakarta,2023-08-08
Malik Puspita,xhartati@hotmail.com,(0768) 531 4203,Yogyakarta,DI Yogyakarta,2024-01-19
Ganda Saefullah,caturanggahidayat@gmail.com,(001) 087-8743,Mataram,Nusa Tenggara Barat,2024-08-13
Puji Tamba,elvinnatsir@yahoo.com,+62-0159-058-6170,Mataram,Nusa Tenggara Barat,2024-02-02
"R. Raisa Aryani, S.Kom",zahrasalahudin@gmail.com,(034) 747 6321,Semarang,Jawa Tengah,2024-06-19
Prakosa Situmorang,shidayat@hotmail.com,(027) 990 4577,Denpasar,Bali,2024-07-06
Maman Melani,prastutibakda@yahoo.com,+62 (634) 987-6840,Jakarta,DKI Jakarta,2023-07-18
Tgk. Ajiono Budiman,emaswibowo@pt.co.id,+62 (014) 515 1530,Banda Aceh,Aceh,2025-01-21
Puti Agnes Kurniawan,idahasanah@pt.web.id,+62-001-226-2817,Makassar,Sulawesi Selatan,2023-11-02
Mursita Siregar,frajata@yahoo.com,088 008 6871,Padang,Sumatera Barat,2023-06-12
"Drs. Cecep Melani, S.Kom",ikhsanjanuar@perum.int,(000) 036 1287,Semarang,Jawa Tengah,2024-05-08
Ami Suryono,karsanarahayu@gmail.com,+62-006-528-3097,Medan,Sumatera Utara,2023-04-20
Margana Sihombing,tomi83@yahoo.com,+62 (679) 292 7991,Padang,Sumatera Barat,2023-12-16
Sutan Kadir Jailani,hassanahmumpuni@pt.ponpes.id,+62 (51) 181 6773,Banjarmasin,Kalimantan Selatan,2023-07-28
Najwa Mustofa,kuswandarioman@gmail.com,0827778419,Bandung,Jawa Barat,2024-08-31
Umay Anggraini,ykuswoyo@yahoo.com,0810073424,Jayapura,Papua,2025-01-06
"Hj. Zelaya Suwarno, S.E.I",yono20@yahoo.com,(0523) 762-3493,Pontianak,Kalimantan Barat,2023-12-27
Sabar Pratama,kkurniawan@ud.desa.id,(0126) 652-8900,Banda Aceh,Aceh,2023-09-19
Tasnim Putra,febidamanik@pd.int,+62 (076) 368 0063,Bogor,Jawa Barat,2023-10-31
Rafid Mustofa,jaeman56@cv.int,(0972) 076-8225,Pontianak,Kalimantan Barat,2024-08-25
Yance Wastuti,kamidin89@yahoo.com,+62 (044) 315-3650,Jayapura,Papua,2023-09-08
"Ir. Purwadi Ardianto, M.Ak",wasis36@gmail.com,(063) 657-1384,Kupang,Nusa Tenggara Timur,2023-06-14
Tina Iswahyudi,bdamanik@gmail.com,+62 (003) 620 7930,Padang,Sumatera Barat,2023-06-04
"Dina Aryani, S.Gz",bancar16@yahoo.com,+62 (55) 833 6068,Pekanbaru,Riau,2024-04-09
Ibrani Suryono,rahayuharyanti@perum.mil,0839629645,Bandung,Jawa Barat,2024-12-04
"Ajeng Saptono, S.T.",wahyudinlanggeng@pd.net,+62-304-108-8666,Banda Aceh,Aceh,2023-12-01
Jasmin Dongoran,tlestari@yahoo.com,+62-0481-042-6561,Manado,Sulawesi Utara,2023-12-11
Eva Permadi,pudjiastutifarah@pt.edu,(0459) 507-4545,Balikpapan,Kalimantan Timur,2023-08-06
Drs. Parman Tampubolon,daruyolanda@ud.mil.id,+62-801-198-4596,Bogor,Jawa Barat,2023-09-11
Karsana Zulkarnain,ismail27@pt.co.id,084 594 9970,Malang,Jawa Timur,2025-01-01
Queen Pudjiastuti,maria10@gmail.com,+62 (001) 411 2112,Jayapura,Papua,2023-12-08
Kenes Puspita,rosmanzulkarnain@yahoo.com,+62 (719) 429-1120,Banjarmasin,Kalimantan Selatan,2023-07-21
"Darman Kuswoyo, M.TI.",utamamurti@pt.org,+62 (0601) 015 7683,Semarang,Jawa Tengah,2024-01-20
R.A. Eva Megantara,sharyanti@ud.sch.id,086 809 2813,Manado,Sulawesi Utara,2024-12-25
"R. Prabawa Yuniar, S.Psi",kmandasari@ud.sch.id,+62-868-433-9908,Batam,Kepulauan Riau,2023-07-04
Irfan Kuswoyo,slestari@gmail.com,+62-049-828-0629,Bandung,Jawa Barat,2023-05-27
"Diana Kurniawan, S.Farm",yusuf40@perum.desa.id,+62 (786) 604 8065,Tangerang,Banten,2024-08-10
Betania Putra,napitupulupuput@ud.ponpes.id,(0186) 425 2501,Malang,Jawa Timur,2024-12-05
Ifa Mandala,wibisonooman@pd.co.id,(085) 704-9194,Samarinda,Kalimantan Timur,2023-08-28
Rahmi Saptono,naradimarpaung@pt.co.id,+62-0769-447-4189,Balikpapan,Kalimantan Timur,2023-08-22
Ir. Almira Wulandari,omankurniawan@pd.com,+62-657-951-6669,Yogyakarta,DI Yogyakarta,2024-12-21
"KH. Danu Prayoga, S.E.I",reksawaluyo@ud.org,+62-0201-800-4162,Makassar,Sulawesi Selatan,2024-11-27
Gatra Budiyanto,suwarnoyusuf@pt.net,+62 (087) 285 9693,Mataram,Nusa Tenggara Barat,2023-06-30
"Drs. Pranawa Prabowo, M.Ak",pangestuatma@gmail.com,+62 (40) 495 7762,Medan,Sumatera Utara,2023-11-18
Dt. Balamantri Siregar,lala04@perum.biz.id,+62 (012) 119 9489,Manado,Sulawesi Utara,2023-11-17
"dr. Gading Permata, M.Ak",vero02@hotmail.com,+62 (0684) 140 7293,Padang,Sumatera Barat,2023-04-18
"Maya Marpaung, M.M.",kenes81@pt.mil,+62 (0958) 961-7575,Yogyakarta,DI Yogyakarta,2023-12-07
Irsad Winarno,rahayuprakasa@hotmail.com,+62-082-171-6621,Banda Aceh,Aceh,2023-12-10
"Hj. Putri Pratama, S.IP",radityasitumorang@cv.net.id,+62 (008) 104 6511,Balikpapan,Kalimantan Timur,2024-02-16
"R.A. Hani Mandasari, M.M.",shakila74@gmail.com,+62 (0830) 489 9327,Medan,Sumatera Utara,2023-10-29
"Nadine Iswahyudi, S.Sos",paristamba@yahoo.com,+62 (586) 637 0484,Padang,Sumatera Barat,2024-07-16
Tina Najmudin,prabawacana@ud.org,+62 (685) 385 0055,Batam,Kepulauan Riau,2023-08-06
"dr. Elvina Tamba, S.H.",khidayat@cv.net.id,(0484) 617-5504,Semarang,Jawa Tengah,2023-10-11
Aurora Saragih,iswahyudiyessi@ud.org,+62 (412) 630 7387,Mataram,Nusa Tenggara Barat,2024-02-02
Mustika Kuswandari,yani18@ud.net,+62 (054) 974 6766,Bandung,Jawa Barat,2025-01-28
"Padmi Fujiati, S.Kom",putri99@hotmail.com,+62-93-702-7835,Bogor,Jawa Barat,2023-09-16
Bakti Situmorang,darman14@gmail.com,+62 (22) 449-8940,Manado,Sulawesi Utara,2023-09-30
R. Vanya Gunawan,paulin86@ud.com,(023) 930-7275,Palembang,Sumatera Selatan,2024-01-01
R. Diana Kurniawan,pranowoanggabaya@hotmail.com,+62-034-753-5870,Jakarta,DKI Jakarta,2023-07-12
"Dagel Utama, M.TI.",ajimankuswandari@pt.biz.id,085 791 2283,Mataram,Nusa Tenggara Barat,2023-11-22
"R.M. Dagel Novitasari, S.E.I",galih20@gmail.com,+62 (57) 494-9749,Medan,Sumatera Utara,2024-10-03
"Karna Wulandari, M.Ak",simbolonjamil@ud.mil,+62-991-538-0101,Denpasar,Bali,2023-09-27
Darmanto Pranowo,mayasarimurti@hotmail.com,+62-97-677-0511,Manado,Sulawesi Utara,2024-09-03
Bakti Mayasari,saefullahradit@perum.net.id,+62 (321) 005-3412,Medan,Sumatera Utara,2023-10-05
Raina Marbun,cmarpaung@perum.edu,+62-28-861-6813,Mataram,Nusa Tenggara Barat,2023-10-17
"Cut Titi Hastuti, M.Kom.",ulya53@cv.edu,0892021488,Semarang,Jawa Tengah,2023-07-19
"Gilda Purwanti, M.Pd",ade64@ud.mil,+62 (030) 558 6018,Medan,Sumatera Utara,2024-04-30
"Drs. Uchita Siregar, S.E.",ehardiansyah@hotmail.com,(0514) 262-4749,Kupang,Nusa Tenggara Timur,2024-04-28
Umi Oktaviani,xfarida@ud.sch.id,+62-003-227-6345,Semarang,Jawa Tengah,2024-07-09
"Hj. Unjani Prayoga, M.M.",maheswaracinta@yahoo.com,+62 (22) 656-2704,Banda Aceh,Aceh,2024-07-24
Samsul Wibowo,anggrainikarya@hotmail.com,+62 (048) 814 1272,Semarang,Jawa Tengah,2024-02-18
"Reksa Najmudin, S.IP",ksinaga@yahoo.com,+62 (878) 651 9806,Samarinda,Kalimantan Timur,2024-06-05
"Galar Padmasari, S.Pt",himawan92@yahoo.com,+62-08-895-3023,Palembang,Sumatera Selatan,2024-05-04
"Ani Usada, S.H.",wahyu28@gmail.com,(0783) 133-9775,Pontianak,Kalimantan Barat,2023-05-31
Puspa Maryadi,anashiruddin@gmail.com,+62-45-061-0240,Palembang,Sumatera Selatan,2024-06-30
Zalindra Permadi,garda11@cv.web.id,083 714 8008,Kupang,Nusa Tenggara Timur,2024-10-12
R. Olivia Yulianti,tpranowo@yahoo.com,+62 (540) 753-2130,Medan,Sumatera Utara,2024-10-14
Dt. Empluk Samosir,kaylanainggolan@gmail.com,080 356 6845,Denpasar,Bali,2023-09-27
R. Febi Puspita,mulyanimujur@yahoo.com,+62 (048) 077-9265,Pekanbaru,Riau,2024-04-16
Prayogo Utama,xprasasta@cv.net.id,+62-0014-953-0433,Pekanbaru,Riau,2024-09-12
"drg. Purwadi Hariyah, S.Pt",dagel41@perum.biz.id,+62 (063) 484-4359,Jayapura,Papua,2023-04-09
"Cakrajiya Handayani, S.E.",rahmawatihendra@yahoo.com,(0026) 430-4945,Padang,Sumatera Barat,2023-03-31
"Dr. Ifa Jailani, S.Pt",caturanggautami@yahoo.com,+62-69-854-0088,Banjarmasin,Kalimantan Selatan,2024-06-01
Kasim Palastri,hendra98@perum.ponpes.id,+62 (609) 010-4876,Palembang,Sumatera Selatan,2024-08-05
"Cut Gilda Lestari, S.IP",nurainicarla@ud.net.id,+62 (05) 963-2041,Surabaya,Jawa Timur,2023-05-06
"R. Janet Sihombing, M.Pd",hidayatvictoria@yahoo.com,+62 (24) 292-7906,Balikpapan,Kalimantan Timur,2025-02-13
Laswi Utami,enasyidah@yahoo.com,+62 (0913) 316 1244,Surabaya,Jawa Timur,2023-04-02
"Yunita Tampubolon, S.I.Kom",purnawatiade@pt.desa.id,+62-043-834-1580,Mataram,Nusa Tenggara Barat,2023-06-24
"Hj. Samiah Marpaung, M.M.",wprastuti@yahoo.com,(078) 795 8573,Malang,Jawa Timur,2024-07-08
Dt. Karma Aryani,fmustofa@hotmail.com,+62 (138) 313 0489,Medan,Sumatera Utara,2024-10-31
"Bella Tamba, M.M.",simanjuntakjaswadi@hotmail.com,(048) 103-8044,Kupang,Nusa Tenggara Timur,2023-12-20
"drg. Laras Rahayu, S.IP",soleh56@perum.mil.id,+62 (479) 051 3572,Banjarmasin,Kalimantan Selatan,2024-03-13
"Rahmi Dabukke, S.IP",tambaprakosa@cv.web.id,+62 (16) 980-0307,Malang,Jawa Timur,2024-06-30
Lala Mulyani,setyaardianto@hotmail.com,(0229) 694-2147,Padang,Sumatera Barat,2023-08-12
"dr. Jarwa Wijaya, S.H.",kanilaksita@pt.web.id,+62 (206) 386-4549,Balikpapan,Kalimantan Timur,2025-02-27
"Cut Ade Fujiati, S.H.",hasim59@hotmail.com,+62 (023) 454-7785,Surabaya,Jawa Timur,2025-02-28
"Wadi Sudiati, S.Farm",qirawan@hotmail.com,+62 (828) 676 2919,Medan,Sumatera Utara,2025-02-05
Belinda Maheswara,fitriasihombing@perum.or.id,+62-001-793-1539,Jakarta,DKI Jakarta,2023-05-29
"Rina Pudjiastuti, S.Sos",yuliantigalur@ud.desa.id,(034) 185-5884,Palembang,Sumatera Selatan,2024-02-12
R. Ratih Hariyah,niyaga87@perum.id,(0418) 168 5473,Samarinda,Kalimantan Timur,2024-07-18
"T. Opung Mangunsong, S.T.",karmanhidayanto@yahoo.com,(0140) 625 1289,Samarinda,Kalimantan Timur,2024-01-08
dr. Makuta Mahendra,setiawanjamil@perum.ac.id,+62 (01) 728-2094,Yogyakarta,DI Yogyakarta,2024-05-14
Lintang Budiman,yolandawasis@pd.mil.id,081 894 2997,Mataram,Nusa Tenggara Barat,2024-01-14
Heryanto Mulyani,ida57@pd.net,+62 (908) 996 0423,Batam,Kepulauan Riau,2023-10-30
"Puti Titin Oktaviani, S.H.",yessiprastuti@gmail.com,+62 (020) 860-0413,Banda Aceh,Aceh,2024-09-13
"Dr. Respati Aryani, M.Kom.",ratih70@cv.edu,+62 (0254) 464-4992,Samarinda,Kalimantan Timur,2023-05-26
drg. Eva Nurdiyanti,charyanti@perum.biz.id,0857128530,Balikpapan,Kalimantan Timur,2024-07-16
Puti Dinda Farida,rendyjailani@cv.com,(054) 530-6633,Medan,Sumatera Utara,2024-09-04
Maria Pradana,hagustina@gmail.com,+62-066-068-7711,Pontianak,Kalimantan Barat,2024-11-22
Amelia Nurdiyanti,purwantopuspita@pt.ac.id,0822404966,Semarang,Jawa Tengah,2023-07-06
Hartana Marbun,jatihutapea@hotmail.com,0887661091,Makassar,Sulawesi Selatan,2023-11-05
"KH. Bala Saragih, S.E.",harisetiawan@yahoo.com,+62 (0059) 223 6378,Bandung,Jawa Barat,2023-05-07
"R.A. Ana Rahimah, S.Kom",dewi77@pt.edu,(075) 826-3806,Bandung,Jawa Barat,2023-10-31
Yulia Purwanti,mprasetyo@pt.mil,(001) 043 5316,Bandung,Jawa Barat,2023-10-20
Wahyu Situmorang,najam96@hotmail.com,0851063465,Semarang,Jawa Tengah,2024-01-10
Ulva Wahyudin,salahudinlatif@yahoo.com,+62-031-661-8916,Surabaya,Jawa Timur,2024-10-23
Umar Irawan,hariyahcandrakanta@ud.desa.id,+62 (070) 357 7433,Banjarmasin,Kalimantan Selatan,2023-08-01
"Tgk. Kezia Handayani, S.Psi",damanikeko@perum.my.id,+62 (0159) 073 6380,Batam,Kepulauan Riau,2023-09-27
"Keisha Maulana, S.Pd",dimaz35@pd.ac.id,(097) 595 3955,Yogyakarta,DI Yogyakarta,2025-02-02
Nurul Mayasari,jagapatinapitupulu@cv.desa.id,+62 (0609) 006 4176,Samarinda,Kalimantan Timur,2023-09-12
Atma Saputra,rmelani@cv.web.id,(0605) 200 9196,Banda Aceh,Aceh,2024-01-05
Zulfa Mustofa,bakijan15@hotmail.com,+62-298-570-5396,Semarang,Jawa Tengah,2025-03-06
Usyi Najmudin,puji65@yahoo.com,089 477 1479,Pekanbaru,Riau,2023-12-09
Jumari Winarsih,hidayatbakiman@pt.or.id,084 426 9517,Mataram,Nusa Tenggara Barat,2024-02-22
Laras Mustofa,permatajelita@perum.co.id,0818574397,Yogyakarta,DI Yogyakarta,2024-02-12
"Kania Prasetyo, S.Psi",hpadmasari@cv.com,+62 (482) 264 7709,Banjarmasin,Kalimantan Selatan,2023-09-08
Carub Pudjiastuti,karmanpangestu@gmail.com,+62 (032) 758 3677,Bogor,Jawa Barat,2023-03-26
Kania Kurniawan,skuswoyo@pt.org,+62 (97) 582-3790,Pontianak,Kalimantan Barat,2024-06-12
Adikara Rahimah,qprasetya@cv.ponpes.id,+62 (0464) 680-8412,Banjarmasin,Kalimantan Selatan,2023-10-05
"Janet Napitupulu, S.Pt",salsabila88@hotmail.com,+62 (0939) 513-1023,Yogyakarta,DI Yogyakarta,2024-07-01
R.A. Ajeng Suwarno,jindra47@gmail.com,+62-073-013-3831,Yogyakarta,DI Yogyakarta,2024-02-29
"dr. Wani Gunarto, S.Sos",titimarbun@gmail.com,086 665 9893,Jakarta,DKI Jakarta,2023-11-15
Drs. Dagel Andriani,raharjarahimah@gmail.com,+62 (0632) 787-5346,Jayapura,Papua,2024-09-06
"Legawa Nurdiyanti, S.Sos",fwaluyo@pt.mil,+62 (649) 265 7478,Pontianak,Kalimantan Barat,2024-09-09
Cut Maria Tarihoran,daruna56@gmail.com,+62-003-812-9968,Balikpapan,Kalimantan Timur,2024-11-30
Elma Hutasoit,nrimakuswandari@ud.ponpes.id,+62 (086) 089-3836,Semarang,Jawa Tengah,2024-01-15
Eja Permadi,bakiono99@gmail.com,+62-0590-239-0666,Bandung,Jawa Barat,2025-02-25
Ir. Wasis Zulaika,cemplunkpurnawati@yahoo.com,+62 (935) 335 3578,Semarang,Jawa Tengah,2024-12-26
Hasan Zulaika,mulyanto15@gmail.com,+62-0875-649-3590,Bandung,Jawa Barat,2023-10-20
Aisyah Narpati,hardanasetiawan@yahoo.com,(066) 570 0926,Kupang,Nusa Tenggara Timur,2025-01-10
Cornelia Kurniawan,nsalahudin@hotmail.com,+62 (0031) 426 8815,Jakarta,DKI Jakarta,2025-01-05
"Gabriella Suryatmi, M.Ak",jabal00@ud.mil.id,(079) 630-9766,Surabaya,Jawa Timur,2024-04-24
Laksana Yulianti,bwibisono@cv.biz.id,+62 (46) 287-7689,Balikpapan,Kalimantan Timur,2023-06-01
Maida Uwais,sabarrajasa@hotmail.com,(0093) 336-4786,Pekanbaru,Riau,2023-09-18
"Drs. Sari Wacana, S.Psi",sakurakuswandari@yahoo.com,(030) 648 5685,Bandung,Jawa Barat,2023-06-10
Ajeng Simanjuntak,sitorusmumpuni@perum.co.id,0872233424,Manado,Sulawesi Utara,2023-10-24
Tgk. Azalea Jailani,omanwahyudin@hotmail.com,+62 (033) 730-1431,Medan,Sumatera Utara,2023-11-20
R.M. Balijan Haryanto,olatupono@cv.biz.id,(083) 240 0805,Jakarta,DKI Jakarta,2024-04-25
Makuta Irawan,jumadilazuardi@pd.mil.id,+62 (48) 640-3441,Manado,Sulawesi Utara,2023-08-31
Leo Suryono,artantowahyudin@perum.edu,+62 (605) 934 6087,Medan,Sumatera Utara,2023-11-07
Prabu Anggraini,halimwinda@pt.com,+62 (86) 092-7635,Denpasar,Bali,2024-04-17
Alika Nashiruddin,riyanticawisadi@hotmail.com,(047) 600 2136,Malang,Jawa Timur,2024-06-04
Ratih Damanik,gsiregar@cv.mil,+62 (053) 390 6016,Kupang,Nusa Tenggara Timur,2024-08-18
"Hendri Simbolon, M.Kom.",luis51@pt.com,(066) 703-0283,Malang,Jawa Timur,2024-01-08
Cakrawangsa Hasanah,artawansamosir@hotmail.com,+62 (095) 646 7664,Banjarmasin,Kalimantan Selatan,2023-09-06
H. Heryanto Mandala,virman20@yahoo.com,+62 (29) 751-7319,Medan,Sumatera Utara,2024-11-05
Uda Utama,jprabowo@pt.ac.id,080 467 6643,Bogor,Jawa Barat,2023-05-20
Raina Maheswara,paiman80@pt.ponpes.id,(044) 340-4404,Manado,Sulawesi Utara,2023-05-31
Juli Wahyuni,belinda07@gmail.com,+62 (0547) 267 9560,Bandung,Jawa Barat,2024-08-22
"Dr. Prayogo Yolanda, S.Pt",bagas27@gmail.com,(077) 530 7328,Manado,Sulawesi Utara,2024-06-20
Ikhsan Habibi,rafidlaksita@yahoo.com,+62 (0042) 338-3970,Kupang,Nusa Tenggara Timur,2024-10-06
Tania Suwarno,tedi37@pd.id,+62 (086) 747-9987,Batam,Kepulauan Riau,2023-08-10
"Ir. Jessica Napitupulu, S.Kom",saragihdagel@gmail.com,+62 (18) 045-2825,Semarang,Jawa Tengah,2023-03-16
Emas Astuti,novi57@ud.ac.id,(0362) 027 4217,Jakarta,DKI Jakarta,2023-07-12
"Vino Sinaga, S.T.",wawan97@pd.co.id,+62 (094) 168-0803,Kupang,Nusa Tenggara Timur,2023-11-19
Juli Halimah,anggriawanpandu@ud.biz.id,+62 (0751) 711-8565,Denpasar,Bali,2024-02-09
Ani Pudjiastuti,jamalia38@perum.sch.id,+62-072-096-2522,Denpasar,Bali,2025-02-22
Jamalia Hartati,faridaheryanto@pd.mil.id,+62 (031) 611-6960,Makassar,Sulawesi Selatan,2024-05-07
Liman Kusumo,mpadmasari@gmail.com,+62-89-134-3119,Denpasar,Bali,2024-02-05
"Empluk Salahudin, S.Pt",vpangestu@pt.id,+62-0966-745-8418,Mataram,Nusa Tenggara Barat,2023-11-25
"H. Bakidin Novitasari, S.E.",yadriansyah@cv.gov,(062) 443 2795,Banda Aceh,Aceh,2023-08-09
"Ibrani Permata, M.Ak",tsuartini@yahoo.com,+62 (940) 880-8613,Banjarmasin,Kalimantan Selatan,2024-03-11
"Mulyono Nashiruddin, S.Sos",drajathastuti@gmail.com,+62 (0572) 267 5088,Batam,Kepulauan Riau,2023-06-21
Drs. Darmaji Usamah,lnasyidah@gmail.com,085 095 5523,Semarang,Jawa Tengah,2024-11-28
"Irwan Januar, S.H.",jonomangunsong@perum.web.id,(004) 432 5985,Batam,Kepulauan Riau,2023-10-08
"Aurora Yuniar, M.Farm",tasnimsusanti@pd.ac.id,+62-470-192-9423,Medan,Sumatera Utara,2024-10-14
Aswani Rahimah,dinda57@gmail.com,+62-789-334-4559,Pontianak,Kalimantan Barat,2024-01-06
"Pardi Sirait, S.Pt",gardamayasari@gmail.com,+62 (06) 531-5032,Padang,Sumatera Barat,2024-06-15
Lala Yuniar,dodosuartini@ud.ac.id,(075) 471 2194,Palembang,Sumatera Selatan,2024-03-06
"Ridwan Tarihoran, S.T.",nashiruddinpadma@yahoo.com,+62 (84) 312-5255,Kupang,Nusa Tenggara Timur,2023-03-27
"Manah Wulandari, S.Sos",kemba74@pd.my.id,+62 (010) 596 0171,Jakarta,DKI Jakarta,2024-09-13
Ella Kuswoyo,mamanharyanti@gmail.com,+62-0934-003-5087,Malang,Jawa Timur,2023-08-08
Nurul Maheswara,kwibisono@ud.edu,(031) 772-0737,Samarinda,Kalimantan Timur,2024-07-09
Violet Suwarno,eminwahyudin@pd.or.id,+62 (77) 504 8483,Banjarmasin,Kalimantan Selatan,2023-03-26
Safina Hartati,tarihorandrajat@gmail.com,+62-076-958-0378,Medan,Sumatera Utara,2024-07-05
Yuni Lazuardi,opung16@gmail.com,(0575) 682 9197,Semarang,Jawa Tengah,2023-10-07
"Dr. Gina Pertiwi, M.Ak",paimansihombing@perum.biz.id,(004) 901 6433,Medan,Sumatera Utara,2025-01-25
"Ratih Rajata, S.Sos",lasmantohardiansyah@pd.or.id,+62 (0017) 145-9129,Medan,Sumatera Utara,2024-10-07
"Gandi Nasyidah, S.Gz",jokopalastri@cv.biz.id,+62 (058) 259-2402,Pekanbaru,Riau,2025-01-11
Wawan Halimah,widodotri@gmail.com,+62 (006) 652-3853,Tangerang,Banten,2023-10-10
Gilda Sihombing,salmanaryani@gmail.com,+62 (083) 066 4212,Bogor,Jawa Barat,2023-06-08
Rosman Hariyah,dgunarto@hotmail.com,+62 (40) 347-5831,Balikpapan,Kalimantan Timur,2023-08-07
Atma Pradipta,vicky00@hotmail.com,+62 (040) 604 3071,Padang,Sumatera Barat,2023-04-14
Raina Sudiati,rachelanggriawan@perum.com,+62 (048) 911-8359,Bogor,Jawa Barat,2023-11-08
Darmaji Najmudin,asirwandanainggolan@cv.go.id,+62-667-624-9537,Batam,Kepulauan Riau,2024-01-01
Balangga Wahyuni,sabrina29@yahoo.com,+62 (16) 490 0622,Surabaya,Jawa Timur,2025-02-26
Caket Jailani,hendri72@pd.id,+62-0355-478-8276,Yogyakarta,DI Yogyakarta,2023-12-21
Genta Firmansyah,rwahyudin@gmail.com,(092) 345 7810,Banjarmasin,Kalimantan Selatan,2024-01-20
"Hj. Wani Halim, M.TI.",nababansalwa@hotmail.com,+62 (37) 477 8925,Denpasar,Bali,2023-07-19
Muhammad Aryani,sudiatikurnia@gmail.com,+62 (528) 596-4212,Padang,Sumatera Barat,2024-09-11
Daliman Puspita,cici14@gmail.com,(0687) 571 4506,Denpasar,Bali,2024-08-07
Umi Uwais,xmayasari@gmail.com,(053) 643 6113,Palembang,Sumatera Selatan,2025-02-02
Reza Sinaga,nharyanto@hotmail.com,+62 (00) 054-5588,Manado,Sulawesi Utara,2025-01-23
Emong Rajata,wibowobaktiono@yahoo.com,+62 (251) 996-1576,Batam,Kepulauan Riau,2023-09-26
Salsabila Handayani,vmayasari@hotmail.com,+62 (083) 043 0936,Yogyakarta,DI Yogyakarta,2023-10-18
Warji Hasanah,zkusmawati@hotmail.com,+62-072-683-6383,Denpasar,Bali,2024-09-09
Martana Wibowo,yutami@gmail.com,0867375546,Bogor,Jawa Barat,2024-07-11
"Vicky Maryadi, S.Kom",suartiniabyasa@cv.id,(0098) 559 2671,Jakarta,DKI Jakarta,2023-05-05
Kambali Santoso,saefullahrangga@pt.gov,+62 (0788) 016-4869,Denpasar,Bali,2023-11-13
"Bahuwirya Maulana, S.Ked",damanikcici@ud.sch.id,+62 (0201) 199 7496,Balikpapan,Kalimantan Timur,2024-05-19
"R.M. Daruna Kuswandari, S.I.Kom",tasdik32@gmail.com,0848390415,Padang,Sumatera Barat,2024-06-01
Dr. Rachel Anggriawan,dimas77@ud.int,+62 (05) 141 1437,Palembang,Sumatera Selatan,2024-12-28
"Salimah Prayoga, M.M.",mulyaniina@hotmail.com,080 258 8437,Makassar,Sulawesi Selatan,2024-10-08
"Dirja Pratiwi, M.Kom.",novitasarihasim@pt.mil,+62-065-002-4495,Bogor,Jawa Barat,2023-11-07
Elisa Hutasoit,wahyudinlukman@gmail.com,+62 (0008) 337-2836,Jakarta,DKI Jakarta,2024-11-18
Kambali Mahendra,adewijaya@hotmail.com,+62 (018) 932 9439,Palembang,Sumatera Selatan,2023-10-21
Violet Haryanto,damanikcecep@gmail.com,+62 (680) 639-5378,Yogyakarta,DI Yogyakarta,2024-01-21
Lidya Budiman,tariuwais@cv.ac.id,+62 (763) 313 7104,Jayapura,Papua,2025-02-06
"Puti Sari Puspasari, S.Psi",firgantorodrajat@hotmail.com,+62 (639) 852-3533,Bogor,Jawa Barat,2024-04-12
"Hj. Ulva Pertiwi, S.Kom",lrahimah@yahoo.com,(0261) 532-0229,Jayapura,Papua,2023-09-16
Hari Mansur,bwacana@pt.com,+62 (0571) 965-9359,Bandung,Jawa Barat,2024-10-18
Drs. Ami Maulana,sabri24@ud.ac.id,+62-99-341-2297,Pekanbaru,Riau,2024-02-06
"Ratih Suryatmi, M.Farm",mustofaprabowo@ud.ac.id,+62 (060) 177 8950,Tangerang,Banten,2023-11-26
Kalim Oktaviani,kasiyahprayoga@pd.web.id,+62-341-351-6025,Bandung,Jawa Barat,2024-04-30
Zahra Saputra,hlaksmiwati@pd.edu,+62-0339-035-5352,Manado,Sulawesi Utara,2025-02-16
"Puti Faizah Sihotang, M.M.",wastutiaditya@pd.go.id,+62 (0715) 573 1408,Banda Aceh,Aceh,2023-11-02
Maya Nuraini,padmiprabowo@hotmail.com,(0371) 738-0234,Pontianak,Kalimantan Barat,2024-03-03
Jagaraga Siregar,lestarihilda@gmail.com,+62-67-292-7249,Balikpapan,Kalimantan Timur,2024-04-07
"Cut Faizah Hassanah, S.Psi",umiprastuti@gmail.com,+62 (030) 743 4492,Yogyakarta,DI Yogyakarta,2025-02-11
Drs. Yulia Novitasari,eli55@yahoo.com,0844869534,Manado,Sulawesi Utara,2023-08-13
Jefri Putra,mustofaganjaran@cv.org,+62-861-942-2812,Jakarta,DKI Jakarta,2024-09-26
Sidiq Laksita,raisa37@cv.biz.id,+62 (24) 605 3254,Manado,Sulawesi Utara,2023-11-03
Tirtayasa Dabukke,alatupono@yahoo.com,+62 (38) 735-8138,Semarang,Jawa Tengah,2025-02-25
Agnes Kuswandari,wulan28@gmail.com,(0911) 993-0481,Padang,Sumatera Barat,2024-08-27
"Ir. Jumadi Natsir, S.T.",tthamrin@yahoo.com,+62 (013) 538 2856,Kupang,Nusa Tenggara Timur,2025-01-09
Laras Purwanti,gaman11@pd.go.id,+62 (20) 476-8339,Samarinda,Kalimantan Timur,2024-11-12
"Ghaliyati Laksmiwati, M.TI.",tyulianti@pd.my.id,+62-0471-474-4402,Mataram,Nusa Tenggara Barat,2024-09-13
Hari Iswahyudi,mustofaprasasta@yahoo.com,+62 (100) 606-7410,Bogor,Jawa Barat,2024-11-18
Drs. Zulfa Usada,gmansur@ud.gov,+62 (0147) 406 6193,Denpasar,Bali,2025-01-08
Kunthara Simanjuntak,latif93@ud.edu,+62-04-400-0790,Batam,Kepulauan Riau,2024-05-01
"R.M. Mustika Yuniar, S.I.Kom",prayogaenteng@cv.id,087 745 2656,Jakarta,DKI Jakarta,2024-06-12
"drg. Bala Anggriawan, S.E.I",mrahayu@perum.mil,+62 (10) 263-4748,Jakarta,DKI Jakarta,2023-08-02
Raharja Prastuti,lalita84@cv.org,(0722) 903-8874,Padang,Sumatera Barat,2024-04-19
Usman Permadi,adriansyahihsan@hotmail.com,(0992) 274 0997,Batam,Kepulauan Riau,2024-01-12
"Tgk. Ajimat Wulandari, M.M.",respatiprasetya@cv.org,+62 (026) 603-1017,Banjarmasin,Kalimantan Selatan,2024-05-05
Sutan Darimin Maryati,aputra@gmail.com,083 697 3018,Pekanbaru,Riau,2023-05-27
"Cut Putri Siregar, S.Sos",butami@gmail.com,+62 (25) 810-4050,Bandung,Jawa Barat,2024-01-17
"drg. Siska Nasyiah, S.Kom",pradanaomar@pt.desa.id,+62 (093) 974 7462,Surabaya,Jawa Timur,2024-05-28
"H. Wardaya Kurniawan, M.Kom.",murtiharyanto@perum.id,+62 (83) 075-5371,Pontianak,Kalimantan Barat,2024-06-02
Kartika Zulaika,mahmud88@perum.desa.id,+62 (052) 105 8616,Batam,Kepulauan Riau,2023-07-08
"KH. Rafi Laksmiwati, S.E.",yolandadariati@cv.int,+62 (92) 676 4970,Pekanbaru,Riau,2023-10-03
Caturangga Thamrin,puputnajmudin@cv.gov,+62-549-801-5625,Batam,Kepulauan Riau,2023-06-05
"Bagya Kuswoyo, M.M.",fmahendra@hotmail.com,(0738) 735-4199,Pontianak,Kalimantan Barat,2024-10-19
Cut Maida Pudjiastuti,mutiawaskita@cv.mil,+62 (580) 597-4222,Banjarmasin,Kalimantan Selatan,2024-05-22
"Karta Simbolon, S.E.",ranggriawan@cv.ac.id,+62 (48) 018-2184,Palembang,Sumatera Selatan,2023-12-02
Prima Mandala,bakidinpermata@pt.desa.id,(018) 335-6472,Tangerang,Banten,2024-02-04
Restu Situmorang,uusada@hotmail.com,+62 (0279) 614-0665,Denpasar,Bali,2023-08-26
Kamaria Laksita,frahmawati@pt.co.id,(094) 625 8308,Denpasar,Bali,2023-11-05
Halima Saefullah,usiregar@perum.biz.id,+62 (10) 889 7538,Surabaya,Jawa Timur,2023-10-20
"R.A. Tania Dabukke, S.I.Kom",kamidin77@gmail.com,0822271171,Denpasar,Bali,2024-10-17
Najwa Mustofa,tiaranatsir@gmail.com,088 387 0899,Semarang,Jawa Tengah,2023-08-02
"Vanya Mayasari, S.Kom",namagapuji@gmail.com,(033) 516 9165,Manado,Sulawesi Utara,2025-01-20
Lalita Tampubolon,suryasitompul@cv.mil,+62 (00) 170-2181,Padang,Sumatera Barat,2024-02-04
"R. Kemba Purnawati, S.E.",prakasavega@perum.desa.id,0850642147,Padang,Sumatera Barat,2024-04-20
Kurnia Prasetyo,taufikpudjiastuti@hotmail.com,0880458927,Medan,Sumatera Utara,2024-08-11
Estiawan Wibisono,mumpunifirmansyah@gmail.com,+62-033-002-0493,Makassar,Sulawesi Selatan,2024-02-13
Saiful Wijayanti,hastutizamira@yahoo.com,+62 (025) 526-1061,Denpasar,Bali,2024-08-14
Tina Agustina,hardipermadi@cv.mil.id,086 467 4163,Pekanbaru,Riau,2023-08-28
"H. Anggabaya Sitompul, S.Sos",latif59@hotmail.com,(031) 598-3511,Semarang,Jawa Tengah,2024-07-16
"Tirtayasa Damanik, S.Pd",kmarbun@ud.ac.id,0878590898,Bogor,Jawa Barat,2023-10-06
Legawa Nababan,gadawaskita@hotmail.com,+62 (0351) 887 6215,Mataram,Nusa Tenggara Barat,2023-10-18
Nyana Novitasari,rwulandari@gmail.com,+62 (093) 164 8239,Jakarta,DKI Jakarta,2023-10-08
Lasmanto Usada,suryatmikeisha@ud.net,+62 (971) 040-9254,Palembang,Sumatera Selatan,2025-01-29
Maras Anggriawan,maimunah06@yahoo.com,(0211) 261 0000,Balikpapan,Kalimantan Timur,2023-04-09
